{
  "aggregate": {
    "recall_10": 0.031418654008969836,
    "ndcg_cut_10": 0.31235044245263127,
    "map": 0.031418654008969836,
    "P_10": 0.23414634146341462
  },
  "per_query": {
    "599f5048": {
      "map": 0.04242424242424243,
      "P_10": 0.7,
      "recall_10": 0.04242424242424243,
      "ndcg_cut_10": 0.800693766409882
    },
    "6d105d73": {
      "map": 0.001996007984031936,
      "P_10": 0.1,
      "recall_10": 0.001996007984031936,
      "ndcg_cut_10": 0.22009176629808017
    },
    "bdb769ce": {
      "map": 0.0,
      "P_10": 0.0,
      "recall_10": 0.0,
      "ndcg_cut_10": 0.0
    },
    "7984d1ca": {
      "map": 0.03278688524590164,
      "P_10": 0.2,
      "recall_10": 0.03278688524590164,
      "ndcg_cut_10": 0.3589542101716347
    },
    "f24b4950": {
      "map": 0.0,
      "P_10": 0.0,
      "recall_10": 0.0,
      "ndcg_cut_10": 0.0
    },
    "f827106e": {
      "map": 0.058823529411764705,
      "P_10": 0.5,
      "recall_10": 0.058823529411764705,
      "ndcg_cut_10": 0.6489315753318465
    },
    "2c354d85": {
      "map": 0.01824817518248175,
      "P_10": 0.5,
      "recall_10": 0.01824817518248175,
      "ndcg_cut_10": 0.6489315753318465
    },
    "da0f6f13": {
      "map": 0.0,
      "P_10": 0.0,
      "recall_10": 0.0,
      "ndcg_cut_10": 0.0
    },
    "c55ac9be": {
      "map": 0.011764705882352941,
      "P_10": 0.3,
      "recall_10": 0.011764705882352941,
      "ndcg_cut_10": 0.4690000933206748
    },
    "883e3747": {
      "map": 0.018867924528301886,
      "P_10": 0.7,
      "recall_10": 0.018867924528301886,
      "ndcg_cut_10": 0.800693766409882
    },
    "5e9e5b1a": {
      "map": 0.0055248618784530384,
      "P_10": 0.1,
      "recall_10": 0.0055248618784530384,
      "ndcg_cut_10": 0.22009176629808017
    },
    "402b5b40": {
      "map": 0.013888888888888888,
      "P_10": 0.6,
      "recall_10": 0.013888888888888888,
      "ndcg_cut_10": 0.727329844310522
    },
    "d041745d": {
      "map": 0.0,
      "P_10": 0.0,
      "recall_10": 0.0,
      "ndcg_cut_10": 0.0
    },
    "0203b419": {
      "map": 0.05333333333333334,
      "P_10": 0.4,
      "recall_10": 0.05333333333333334,
      "ndcg_cut_10": 0.5637884576902256
    },
    "92ede744": {
      "map": 0.03680981595092025,
      "P_10": 0.6,
      "recall_10": 0.03680981595092025,
      "ndcg_cut_10": 0.727329844310522
    },
    "08c17e76": {
      "map": 0.0,
      "P_10": 0.0,
      "recall_10": 0.0,
      "ndcg_cut_10": 0.0
    },
    "83070b90": {
      "map": 0.0,
      "P_10": 0.0,
      "recall_10": 0.0,
      "ndcg_cut_10": 0.0
    },
    "450d2a99": {
      "map": 0.0,
      "P_10": 0.0,
      "recall_10": 0.0,
      "ndcg_cut_10": 0.0
    },
    "626ed04b": {
      "map": 0.045454545454545456,
      "P_10": 0.8,
      "recall_10": 0.045454545454545456,
      "ndcg_cut_10": 0.8701249883466593
    },
    "75ed852a": {
      "map": 0.08620689655172414,
      "P_10": 0.5,
      "recall_10": 0.08620689655172414,
      "ndcg_cut_10": 0.6489315753318465
    },
    "21635231": {
      "map": 0.0,
      "P_10": 0.0,
      "recall_10": 0.0,
      "ndcg_cut_10": 0.0
    },
    "e72516c5": {
      "map": 0.014285714285714285,
      "P_10": 0.1,
      "recall_10": 0.014285714285714285,
      "ndcg_cut_10": 0.22009176629808017
    },
    "0d0e14fc": {
      "map": 0.02631578947368421,
      "P_10": 0.1,
      "recall_10": 0.02631578947368421,
      "ndcg_cut_10": 0.22009176629808017
    },
    "3eec9a58": {
      "map": 0.02702702702702703,
      "P_10": 0.3,
      "recall_10": 0.02702702702702703,
      "ndcg_cut_10": 0.4690000933206748
    },
    "ce7c5b4e": {
      "map": 0.0,
      "P_10": 0.0,
      "recall_10": 0.0,
      "ndcg_cut_10": 0.0
    },
    "6421eab1": {
      "map": 0.01092896174863388,
      "P_10": 0.2,
      "recall_10": 0.01092896174863388,
      "ndcg_cut_10": 0.3589542101716347
    },
    "879f0ee9": {
      "map": 0.0,
      "P_10": 0.0,
      "recall_10": 0.0,
      "ndcg_cut_10": 0.0
    },
    "59a976b0": {
      "map": 0.0,
      "P_10": 0.0,
      "recall_10": 0.0,
      "ndcg_cut_10": 0.0
    },
    "ccb502ab": {
      "map": 0.03773584905660377,
      "P_10": 0.8,
      "recall_10": 0.03773584905660377,
      "ndcg_cut_10": 0.8701249883466593
    },
    "258233ce": {
      "map": 0.0,
      "P_10": 0.0,
      "recall_10": 0.0,
      "ndcg_cut_10": 0.0
    },
    "38af7c13": {
      "map": 0.0,
      "P_10": 0.0,
      "recall_10": 0.0,
      "ndcg_cut_10": 0.0
    },
    "a5eb1c23": {
      "map": 0.04504504504504504,
      "P_10": 0.5,
      "recall_10": 0.04504504504504504,
      "ndcg_cut_10": 0.6489315753318465
    },
    "abb86495": {
      "map": 0.03333333333333333,
      "P_10": 0.1,
      "recall_10": 0.03333333333333333,
      "ndcg_cut_10": 0.22009176629808017
    },
    "3952689d": {
      "map": 0.0,
      "P_10": 0.0,
      "recall_10": 0.0,
      "ndcg_cut_10": 0.0
    },
    "92b45b67": {
      "map": 0.012195121951219513,
      "P_10": 0.1,
      "recall_10": 0.012195121951219513,
      "ndcg_cut_10": 0.22009176629808017
    },
    "2ca75ac6": {
      "map": 0.009779951100244499,
      "P_10": 0.4,
      "recall_10": 0.009779951100244499,
      "ndcg_cut_10": 0.5637884576902256
    },
    "e1dc1cb0": {
      "map": 0.0,
      "P_10": 0.0,
      "recall_10": 0.0,
      "ndcg_cut_10": 0.0
    },
    "e151aa8d": {
      "map": 0.0,
      "P_10": 0.0,
      "recall_10": 0.0,
      "ndcg_cut_10": 0.0
    },
    "e28c7021": {
      "map": 0.008264462809917356,
      "P_10": 0.1,
      "recall_10": 0.008264462809917356,
      "ndcg_cut_10": 0.22009176629808017
    },
    "02d8b951": {
      "map": 0.021739130434782608,
      "P_10": 0.1,
      "recall_10": 0.021739130434782608,
      "ndcg_cut_10": 0.22009176629808017
    },
    "e50ada51": {
      "map": 0.6153846153846154,
      "P_10": 0.8,
      "recall_10": 0.6153846153846154,
      "ndcg_cut_10": 0.8701249883466593
    }
  }
}